"","primary_type","secondary_type","legendary_status","attack","defense","hp","speed","special_attack","special_defense","capture_rate","base_total","generation"
"Bulbasaur","grass","poison","non-legendary",49,49,45,45,65,65,45,318,1
"Ivysaur","grass","poison","non-legendary",62,63,60,60,80,80,45,405,1
"Venusaur","grass","poison","non-legendary",100,123,80,80,122,120,45,625,1
"Charmander","fire","none","non-legendary",52,43,39,65,60,50,45,309,1
"Charmeleon","fire","none","non-legendary",64,58,58,80,80,65,45,405,1
"Charizard","fire","flying","non-legendary",104,78,78,100,159,115,45,634,1
"Squirtle","water","none","non-legendary",48,65,44,43,50,64,45,314,1
"Wartortle","water","none","non-legendary",63,80,59,58,65,80,45,405,1
"Blastoise","water","none","non-legendary",103,120,79,78,135,115,45,630,1
"Caterpie","bug","none","non-legendary",30,35,45,45,20,20,255,195,1
"Metapod","bug","none","non-legendary",20,55,50,30,25,25,120,205,1
"Butterfree","bug","flying","non-legendary",45,50,60,70,90,80,45,395,1
"Weedle","bug","poison","non-legendary",35,30,40,50,20,20,255,195,1
"Kakuna","bug","poison","non-legendary",25,50,45,35,25,25,120,205,1
"Beedrill","bug","poison","non-legendary",150,40,65,145,15,80,45,495,1
"Pidgey","normal","flying","non-legendary",45,40,40,56,35,35,255,251,1
"Pidgeotto","normal","flying","non-legendary",60,55,63,71,50,50,120,349,1
"Pidgeot","normal","flying","non-legendary",80,80,83,121,135,80,45,579,1
"Rattata","normal","dark","non-legendary",56,35,30,72,25,35,255,253,1
"Raticate","normal","dark","non-legendary",71,70,75,77,40,80,127,413,1
"Spearow","normal","flying","non-legendary",60,30,40,70,31,31,255,262,1
"Fearow","normal","flying","non-legendary",90,65,65,100,61,61,90,442,1
"Ekans","poison","none","non-legendary",60,44,35,55,40,54,255,288,1
"Arbok","poison","none","non-legendary",95,69,60,80,65,79,90,448,1
"Pikachu","electric","none","non-legendary",55,40,35,90,50,50,190,320,1
"Raichu","electric","electric","non-legendary",85,50,60,110,95,85,75,485,1
"Sandshrew","ground","ice","non-legendary",75,90,50,40,10,35,255,300,1
"Sandslash","ground","ice","non-legendary",100,120,75,65,25,65,90,450,1
"Nidoran♀","poison","none","non-legendary",47,52,55,41,40,40,235,275,1
"Nidorina","poison","none","non-legendary",62,67,70,56,55,55,120,365,1
"Nidoqueen","poison","ground","non-legendary",92,87,90,76,75,85,45,505,1
"Nidoran♂","poison","none","non-legendary",57,40,46,50,40,40,235,273,1
"Nidorino","poison","none","non-legendary",72,57,61,65,55,55,120,365,1
"Nidoking","poison","ground","non-legendary",102,77,81,85,85,75,45,505,1
"Clefairy","fairy","none","non-legendary",45,48,70,35,60,65,150,323,1
"Clefable","fairy","none","non-legendary",70,73,95,60,95,90,25,483,1
"Vulpix","fire","ice","non-legendary",41,40,38,65,50,65,190,299,1
"Ninetales","fire","ice","non-legendary",67,75,73,109,81,100,75,505,1
"Jigglypuff","normal","fairy","non-legendary",45,20,115,20,45,25,170,270,1
"Wigglytuff","normal","fairy","non-legendary",70,45,140,45,85,50,50,435,1
"Zubat","poison","flying","non-legendary",45,35,40,55,30,40,255,245,1
"Golbat","poison","flying","non-legendary",80,70,75,90,65,75,90,455,1
"Oddish","grass","poison","non-legendary",50,55,45,30,75,65,255,320,1
"Gloom","grass","poison","non-legendary",65,70,60,40,85,75,120,395,1
"Vileplume","grass","poison","non-legendary",80,85,75,50,110,90,45,490,1
"Paras","bug","grass","non-legendary",70,55,35,25,45,55,190,285,1
"Parasect","bug","grass","non-legendary",95,80,60,30,60,80,75,405,1
"Venonat","bug","poison","non-legendary",55,50,60,45,40,55,190,305,1
"Venomoth","bug","poison","non-legendary",65,60,70,90,90,75,75,450,1
"Diglett","ground","ground","non-legendary",55,30,10,90,35,45,255,265,1
"Dugtrio","ground","ground","non-legendary",100,60,35,110,50,70,50,425,1
"Meowth","normal","dark","non-legendary",35,35,40,90,50,40,255,290,1
"Persian","normal","dark","non-legendary",60,60,65,115,75,65,90,440,1
"Psyduck","water","none","non-legendary",52,48,50,55,65,50,190,320,1
"Golduck","water","none","non-legendary",82,78,80,85,95,80,75,500,1
"Mankey","fighting","none","non-legendary",80,35,40,70,35,45,190,305,1
"Primeape","fighting","none","non-legendary",105,60,65,95,60,70,75,455,1
"Growlithe","fire","none","non-legendary",70,45,55,60,70,50,190,350,1
"Arcanine","fire","none","non-legendary",110,80,90,95,100,80,75,555,1
"Poliwag","water","none","non-legendary",50,40,40,90,40,40,255,300,1
"Poliwhirl","water","none","non-legendary",65,65,65,90,50,50,120,385,1
"Poliwrath","water","fighting","non-legendary",95,95,90,70,70,90,45,510,1
"Abra","psychic","none","non-legendary",20,15,25,90,105,55,200,310,1
"Kadabra","psychic","none","non-legendary",35,30,40,105,120,70,100,400,1
"Alakazam","psychic","none","non-legendary",50,65,55,150,175,105,50,600,1
"Machop","fighting","none","non-legendary",80,50,70,35,35,35,180,305,1
"Machoke","fighting","none","non-legendary",100,70,80,45,50,60,90,405,1
"Machamp","fighting","none","non-legendary",130,80,90,55,65,85,45,505,1
"Bellsprout","grass","poison","non-legendary",75,35,50,40,70,30,255,300,1
"Weepinbell","grass","poison","non-legendary",90,50,65,55,85,45,120,390,1
"Victreebel","grass","poison","non-legendary",105,65,80,70,100,70,45,490,1
"Tentacool","water","poison","non-legendary",40,35,40,70,50,100,190,335,1
"Tentacruel","water","poison","non-legendary",70,65,80,100,80,120,60,515,1
"Geodude","rock","ground","non-legendary",80,100,40,20,30,30,255,300,1
"Graveler","rock","ground","non-legendary",95,115,55,35,45,45,120,390,1
"Golem","rock","ground","non-legendary",120,130,80,45,55,65,45,495,1
"Ponyta","fire","none","non-legendary",85,55,50,90,65,65,190,410,1
"Rapidash","fire","none","non-legendary",100,70,65,105,80,80,60,500,1
"Slowpoke","water","psychic","non-legendary",65,65,90,15,40,40,190,315,1
"Slowbro","water","psychic","non-legendary",75,180,95,30,130,80,75,590,1
"Magnemite","electric","steel","non-legendary",35,70,25,45,95,55,190,325,1
"Magneton","electric","steel","non-legendary",60,95,50,70,120,70,60,465,1
"Farfetch'd","normal","flying","non-legendary",90,55,52,60,58,62,45,377,1
"Doduo","normal","flying","non-legendary",85,45,35,75,35,35,190,310,1
"Dodrio","normal","flying","non-legendary",110,70,60,110,60,60,45,470,1
"Seel","water","none","non-legendary",45,55,65,45,45,70,190,325,1
"Dewgong","water","ice","non-legendary",70,80,90,70,70,95,75,475,1
"Grimer","poison","poison","non-legendary",80,50,80,25,40,50,190,325,1
"Muk","poison","poison","non-legendary",105,75,105,50,65,100,75,500,1
"Shellder","water","none","non-legendary",65,100,30,40,45,25,190,305,1
"Cloyster","water","ice","non-legendary",95,180,50,70,85,45,60,525,1
"Gastly","ghost","poison","non-legendary",35,30,30,80,100,35,190,310,1
"Haunter","ghost","poison","non-legendary",50,45,45,95,115,55,90,405,1
"Gengar","ghost","poison","non-legendary",65,80,60,130,170,95,45,600,1
"Onix","rock","ground","non-legendary",45,160,35,70,30,45,45,385,1
"Drowzee","psychic","none","non-legendary",48,45,60,42,43,90,190,328,1
"Hypno","psychic","none","non-legendary",73,70,85,67,73,115,75,483,1
"Krabby","water","none","non-legendary",105,90,30,50,25,25,225,325,1
"Kingler","water","none","non-legendary",130,115,55,75,50,50,60,475,1
"Voltorb","electric","none","non-legendary",30,50,40,100,55,55,190,330,1
"Electrode","electric","none","non-legendary",50,70,60,150,80,80,60,490,1
"Exeggcute","grass","psychic","non-legendary",40,80,60,40,60,45,90,325,1
"Exeggutor","grass","psychic","non-legendary",105,85,95,45,125,75,45,530,1
"Cubone","ground","none","non-legendary",50,95,50,35,40,50,190,320,1
"Marowak","ground","fire","non-legendary",80,110,60,45,50,80,75,425,1
"Hitmonlee","fighting","none","non-legendary",120,53,50,87,35,110,45,455,1
"Hitmonchan","fighting","none","non-legendary",105,79,50,76,35,110,45,455,1
"Lickitung","normal","none","non-legendary",55,75,90,30,60,75,45,385,1
"Koffing","poison","none","non-legendary",65,95,40,35,60,45,190,340,1
"Weezing","poison","none","non-legendary",90,120,65,60,85,70,60,490,1
"Rhyhorn","ground","rock","non-legendary",85,95,80,25,30,30,120,345,1
"Rhydon","ground","rock","non-legendary",130,120,105,40,45,45,60,485,1
"Chansey","normal","none","non-legendary",5,5,250,50,35,105,30,450,1
"Tangela","grass","none","non-legendary",55,115,65,60,100,40,45,435,1
"Kangaskhan","normal","none","non-legendary",125,100,105,100,60,100,45,590,1
"Horsea","water","none","non-legendary",40,70,30,60,70,25,225,295,1
"Seadra","water","none","non-legendary",65,95,55,85,95,45,75,440,1
"Goldeen","water","none","non-legendary",67,60,45,63,35,50,225,320,1
"Seaking","water","none","non-legendary",92,65,80,68,65,80,60,450,1
"Staryu","water","none","non-legendary",45,55,30,85,70,55,225,340,1
"Starmie","water","psychic","non-legendary",75,85,60,115,100,85,60,520,1
"Mr. Mime","psychic","fairy","non-legendary",45,65,40,90,100,120,45,460,1
"Scyther","bug","flying","non-legendary",110,80,70,105,55,80,45,500,1
"Jynx","ice","psychic","non-legendary",50,35,65,95,115,95,45,455,1
"Electabuzz","electric","none","non-legendary",83,57,65,105,95,85,45,490,1
"Magmar","fire","none","non-legendary",95,57,65,93,100,85,45,495,1
"Pinsir","bug","none","non-legendary",155,120,65,105,65,90,45,600,1
"Tauros","normal","none","non-legendary",100,95,75,110,40,70,45,490,1
"Magikarp","water","none","non-legendary",10,55,20,80,15,20,255,200,1
"Gyarados","water","flying","non-legendary",155,109,95,81,70,130,45,640,1
"Lapras","water","ice","non-legendary",85,80,130,60,85,95,45,535,1
"Ditto","normal","none","non-legendary",48,48,48,48,48,48,35,288,1
"Eevee","normal","none","non-legendary",55,50,55,55,45,65,45,325,1
"Vaporeon","water","none","non-legendary",65,60,130,65,110,95,45,525,1
"Jolteon","electric","none","non-legendary",65,60,65,130,110,95,45,525,1
"Flareon","fire","none","non-legendary",130,60,65,65,95,110,45,525,1
"Porygon","normal","none","non-legendary",60,70,65,40,85,75,45,395,1
"Omanyte","rock","water","non-legendary",40,100,35,35,90,55,45,355,1
"Omastar","rock","water","non-legendary",60,125,70,55,115,70,45,495,1
"Kabuto","rock","water","non-legendary",80,90,30,55,55,45,45,355,1
"Kabutops","rock","water","non-legendary",115,105,60,80,65,70,45,495,1
"Aerodactyl","rock","flying","non-legendary",135,85,80,150,70,95,45,615,1
"Snorlax","normal","none","non-legendary",110,65,160,30,65,110,25,540,1
"Articuno","ice","flying","legendary",85,100,90,85,95,125,3,580,1
"Zapdos","electric","flying","legendary",90,85,90,100,125,90,3,580,1
"Moltres","fire","flying","legendary",100,90,90,90,125,85,3,580,1
"Dratini","dragon","none","non-legendary",64,45,41,50,50,50,45,300,1
"Dragonair","dragon","none","non-legendary",84,65,61,70,70,70,45,420,1
"Dragonite","dragon","flying","non-legendary",134,95,91,80,100,100,45,600,1
"Mewtwo","psychic","none","legendary",150,70,106,140,194,120,3,780,1
"Mew","psychic","none","legendary",100,100,100,100,100,100,45,600,1
"Chikorita","grass","none","non-legendary",49,65,45,45,49,65,45,318,2
"Bayleef","grass","none","non-legendary",62,80,60,60,63,80,45,405,2
"Meganium","grass","none","non-legendary",82,100,80,80,83,100,45,525,2
"Cyndaquil","fire","none","non-legendary",52,43,39,65,60,50,45,309,2
"Quilava","fire","none","non-legendary",64,58,58,80,80,65,45,405,2
"Typhlosion","fire","none","non-legendary",84,78,78,100,109,85,45,534,2
"Totodile","water","none","non-legendary",65,64,50,43,44,48,45,314,2
"Croconaw","water","none","non-legendary",80,80,65,58,59,63,45,405,2
"Feraligatr","water","none","non-legendary",105,100,85,78,79,83,45,530,2
"Sentret","normal","none","non-legendary",46,34,35,20,35,45,255,215,2
"Furret","normal","none","non-legendary",76,64,85,90,45,55,90,415,2
"Hoothoot","normal","flying","non-legendary",30,30,60,50,36,56,255,262,2
"Noctowl","normal","flying","non-legendary",50,50,100,70,86,96,90,452,2
"Ledyba","bug","flying","non-legendary",20,30,40,55,40,80,255,265,2
"Ledian","bug","flying","non-legendary",35,50,55,85,55,110,90,390,2
"Spinarak","bug","poison","non-legendary",60,40,40,30,40,40,255,250,2
"Ariados","bug","poison","non-legendary",90,70,70,40,60,70,90,400,2
"Crobat","poison","flying","non-legendary",90,80,85,130,70,80,90,535,2
"Chinchou","water","electric","non-legendary",38,38,75,67,56,56,190,330,2
"Lanturn","water","electric","non-legendary",58,58,125,67,76,76,75,460,2
"Pichu","electric","none","non-legendary",40,15,20,60,35,35,190,205,2
"Cleffa","fairy","none","non-legendary",25,28,50,15,45,55,150,218,2
"Igglybuff","normal","fairy","non-legendary",30,15,90,15,40,20,170,210,2
"Togepi","fairy","none","non-legendary",20,65,35,20,40,65,190,245,2
"Togetic","fairy","flying","non-legendary",40,85,55,40,80,105,75,405,2
"Natu","psychic","flying","non-legendary",50,45,40,70,70,45,190,320,2
"Xatu","psychic","flying","non-legendary",75,70,65,95,95,70,75,470,2
"Mareep","electric","none","non-legendary",40,40,55,35,65,45,235,280,2
"Flaaffy","electric","none","non-legendary",55,55,70,45,80,60,120,365,2
"Ampharos","electric","none","non-legendary",95,105,90,45,165,110,45,610,2
"Bellossom","grass","none","non-legendary",80,95,75,50,90,100,45,490,2
"Marill","water","fairy","non-legendary",20,50,70,40,20,50,190,250,2
"Azumarill","water","fairy","non-legendary",50,80,100,50,60,80,75,420,2
"Sudowoodo","rock","none","non-legendary",100,115,70,30,30,65,65,410,2
"Politoed","water","none","non-legendary",75,75,90,70,90,100,45,500,2
"Hoppip","grass","flying","non-legendary",35,40,35,50,35,55,255,250,2
"Skiploom","grass","flying","non-legendary",45,50,55,80,45,65,120,340,2
"Jumpluff","grass","flying","non-legendary",55,70,75,110,55,95,45,460,2
"Aipom","normal","none","non-legendary",70,55,55,85,40,55,45,360,2
"Sunkern","grass","none","non-legendary",30,30,30,30,30,30,235,180,2
"Sunflora","grass","none","non-legendary",75,55,75,30,105,85,120,425,2
"Yanma","bug","flying","non-legendary",65,45,65,95,75,45,75,390,2
"Wooper","water","ground","non-legendary",45,45,55,15,25,25,255,210,2
"Quagsire","water","ground","non-legendary",85,85,95,35,65,65,90,430,2
"Espeon","psychic","none","non-legendary",65,60,65,110,130,95,45,525,2
"Umbreon","dark","none","non-legendary",65,110,95,65,60,130,45,525,2
"Murkrow","dark","flying","non-legendary",85,42,60,91,85,42,30,405,2
"Slowking","water","psychic","non-legendary",75,80,95,30,100,110,70,490,2
"Misdreavus","ghost","none","non-legendary",60,60,60,85,85,85,45,435,2
"Unown","psychic","none","non-legendary",72,48,48,48,72,48,225,336,2
"Wobbuffet","psychic","none","non-legendary",33,58,190,33,33,58,45,405,2
"Girafarig","normal","psychic","non-legendary",80,65,70,85,90,65,60,455,2
"Pineco","bug","none","non-legendary",65,90,50,15,35,35,190,290,2
"Forretress","bug","steel","non-legendary",90,140,75,40,60,60,75,465,2
"Dunsparce","normal","none","non-legendary",70,70,100,45,65,65,190,415,2
"Gligar","ground","flying","non-legendary",75,105,65,85,35,65,60,430,2
"Steelix","steel","ground","non-legendary",125,230,75,30,55,95,25,610,2
"Snubbull","fairy","none","non-legendary",80,50,60,30,40,40,190,300,2
"Granbull","fairy","none","non-legendary",120,75,90,45,60,60,75,450,2
"Qwilfish","water","poison","non-legendary",95,85,65,85,55,55,45,440,2
"Scizor","bug","steel","non-legendary",150,140,70,75,65,100,25,600,2
"Shuckle","bug","rock","non-legendary",10,230,20,5,10,230,190,505,2
"Heracross","bug","fighting","non-legendary",185,115,80,75,40,105,45,600,2
"Sneasel","dark","ice","non-legendary",95,55,55,115,35,75,60,430,2
"Teddiursa","normal","none","non-legendary",80,50,60,40,50,50,120,330,2
"Ursaring","normal","none","non-legendary",130,75,90,55,75,75,60,500,2
"Slugma","fire","none","non-legendary",40,40,40,20,70,40,190,250,2
"Magcargo","fire","rock","non-legendary",50,120,60,30,90,80,75,430,2
"Swinub","ice","ground","non-legendary",50,40,50,50,30,30,225,250,2
"Piloswine","ice","ground","non-legendary",100,80,100,50,60,60,75,450,2
"Corsola","water","rock","non-legendary",55,95,65,35,65,95,60,410,2
"Remoraid","water","none","non-legendary",65,35,35,65,65,35,190,300,2
"Octillery","water","none","non-legendary",105,75,75,45,105,75,75,480,2
"Delibird","ice","flying","non-legendary",55,45,45,75,65,45,45,330,2
"Mantine","water","flying","non-legendary",40,70,85,70,80,140,25,485,2
"Skarmory","steel","flying","non-legendary",80,140,65,70,40,70,25,465,2
"Houndour","dark","fire","non-legendary",60,30,45,65,80,50,120,330,2
"Houndoom","dark","fire","non-legendary",90,90,75,115,140,90,45,600,2
"Kingdra","water","dragon","non-legendary",95,95,75,85,95,95,45,540,2
"Phanpy","ground","none","non-legendary",60,60,90,40,40,40,120,330,2
"Donphan","ground","none","non-legendary",120,120,90,50,60,60,60,500,2
"Porygon2","normal","none","non-legendary",80,90,85,60,105,95,45,515,2
"Stantler","normal","none","non-legendary",95,62,73,85,85,65,45,465,2
"Smeargle","normal","none","non-legendary",20,35,55,75,20,45,45,250,2
"Tyrogue","fighting","none","non-legendary",35,35,35,35,35,35,75,210,2
"Hitmontop","fighting","none","non-legendary",95,95,50,70,35,110,45,455,2
"Smoochum","ice","psychic","non-legendary",30,15,45,65,85,65,45,305,2
"Elekid","electric","none","non-legendary",63,37,45,95,65,55,45,360,2
"Magby","fire","none","non-legendary",75,37,45,83,70,55,45,365,2
"Miltank","normal","none","non-legendary",80,105,95,100,40,70,45,490,2
"Blissey","normal","none","non-legendary",10,10,255,55,75,135,30,540,2
"Raikou","electric","none","legendary",85,75,90,115,115,100,3,580,2
"Entei","fire","none","legendary",115,85,115,100,90,75,3,580,2
"Suicune","water","none","legendary",75,115,100,85,90,115,3,580,2
"Larvitar","rock","ground","non-legendary",64,50,50,41,45,50,45,300,2
"Pupitar","rock","ground","non-legendary",84,70,70,51,65,70,45,410,2
"Tyranitar","rock","dark","non-legendary",164,150,100,71,95,120,45,700,2
"Lugia","psychic","flying","legendary",90,130,106,110,90,154,3,680,2
"Ho-Oh","fire","flying","legendary",130,90,106,90,110,154,3,680,2
"Celebi","psychic","grass","legendary",100,100,100,100,100,100,45,600,2
"Treecko","grass","none","non-legendary",45,35,40,70,65,55,45,310,3
"Grovyle","grass","none","non-legendary",65,45,50,95,85,65,45,405,3
"Sceptile","grass","none","non-legendary",110,75,70,145,145,85,45,630,3
"Torchic","fire","none","non-legendary",60,40,45,45,70,50,45,310,3
"Combusken","fire","fighting","non-legendary",85,60,60,55,85,60,45,405,3
"Blaziken","fire","fighting","non-legendary",160,80,80,100,130,80,45,630,3
"Mudkip","water","none","non-legendary",70,50,50,40,50,50,45,310,3
"Marshtomp","water","ground","non-legendary",85,70,70,50,60,70,45,405,3
"Swampert","water","ground","non-legendary",150,110,100,70,95,110,45,635,3
"Poochyena","dark","none","non-legendary",55,35,35,35,30,30,255,220,3
"Mightyena","dark","none","non-legendary",90,70,70,70,60,60,127,420,3
"Zigzagoon","normal","none","non-legendary",30,41,38,60,30,41,255,240,3
"Linoone","normal","none","non-legendary",70,61,78,100,50,61,90,420,3
"Wurmple","bug","none","non-legendary",45,35,45,20,20,30,255,195,3
"Silcoon","bug","none","non-legendary",35,55,50,15,25,25,120,205,3
"Beautifly","bug","flying","non-legendary",70,50,60,65,100,50,45,395,3
"Cascoon","bug","none","non-legendary",35,55,50,15,25,25,120,205,3
"Dustox","bug","poison","non-legendary",50,70,60,65,50,90,45,385,3
"Lotad","water","grass","non-legendary",30,30,40,30,40,50,255,220,3
"Lombre","water","grass","non-legendary",50,50,60,50,60,70,120,340,3
"Ludicolo","water","grass","non-legendary",70,70,80,70,90,100,45,480,3
"Seedot","grass","none","non-legendary",40,50,40,30,30,30,255,220,3
"Nuzleaf","grass","dark","non-legendary",70,40,70,60,60,40,120,340,3
"Shiftry","grass","dark","non-legendary",100,60,90,80,90,60,45,480,3
"Taillow","normal","flying","non-legendary",55,30,40,85,30,30,200,270,3
"Swellow","normal","flying","non-legendary",85,60,60,125,75,50,45,455,3
"Wingull","water","flying","non-legendary",30,30,40,85,55,30,190,270,3
"Pelipper","water","flying","non-legendary",50,100,60,65,95,70,45,440,3
"Ralts","psychic","fairy","non-legendary",25,25,28,40,45,35,235,198,3
"Kirlia","psychic","fairy","non-legendary",35,35,38,50,65,55,120,278,3
"Gardevoir","psychic","fairy","non-legendary",85,65,68,100,165,135,45,618,3
"Surskit","bug","water","non-legendary",30,32,40,65,50,52,200,269,3
"Masquerain","bug","flying","non-legendary",60,62,70,80,100,82,75,454,3
"Shroomish","grass","none","non-legendary",40,60,60,35,40,60,255,295,3
"Breloom","grass","fighting","non-legendary",130,80,60,70,60,60,90,460,3
"Slakoth","normal","none","non-legendary",60,60,60,30,35,35,255,280,3
"Vigoroth","normal","none","non-legendary",80,80,80,90,55,55,120,440,3
"Slaking","normal","none","non-legendary",160,100,150,100,95,65,45,670,3
"Nincada","bug","ground","non-legendary",45,90,31,40,30,30,255,266,3
"Ninjask","bug","flying","non-legendary",90,45,61,160,50,50,120,456,3
"Shedinja","bug","ghost","non-legendary",90,45,1,40,30,30,45,236,3
"Whismur","normal","none","non-legendary",51,23,64,28,51,23,190,240,3
"Loudred","normal","none","non-legendary",71,43,84,48,71,43,120,360,3
"Exploud","normal","none","non-legendary",91,63,104,68,91,73,45,490,3
"Makuhita","fighting","none","non-legendary",60,30,72,25,20,30,180,237,3
"Hariyama","fighting","none","non-legendary",120,60,144,50,40,60,200,474,3
"Azurill","normal","fairy","non-legendary",20,40,50,20,20,40,150,190,3
"Nosepass","rock","none","non-legendary",45,135,30,30,45,90,255,375,3
"Skitty","normal","none","non-legendary",45,45,50,50,35,35,255,260,3
"Delcatty","normal","none","non-legendary",65,65,70,90,55,55,60,400,3
"Sableye","dark","ghost","non-legendary",85,125,50,20,85,115,45,480,3
"Mawile","steel","fairy","non-legendary",105,125,50,50,55,95,45,480,3
"Aron","steel","rock","non-legendary",70,100,50,30,40,40,180,330,3
"Lairon","steel","rock","non-legendary",90,140,60,40,50,50,90,430,3
"Aggron","steel","rock","non-legendary",140,230,70,50,60,80,45,630,3
"Meditite","fighting","psychic","non-legendary",40,55,30,60,40,55,180,280,3
"Medicham","fighting","psychic","non-legendary",100,85,60,100,80,85,90,510,3
"Electrike","electric","none","non-legendary",45,40,40,65,65,40,120,295,3
"Manectric","electric","none","non-legendary",75,80,70,135,135,80,45,575,3
"Plusle","electric","none","non-legendary",50,40,60,95,85,75,200,405,3
"Minun","electric","none","non-legendary",40,50,60,95,75,85,200,405,3
"Volbeat","bug","none","non-legendary",73,75,65,85,47,85,150,430,3
"Illumise","bug","none","non-legendary",47,75,65,85,73,85,150,430,3
"Roselia","grass","poison","non-legendary",60,45,50,65,100,80,150,400,3
"Gulpin","poison","none","non-legendary",43,53,70,40,43,53,225,302,3
"Swalot","poison","none","non-legendary",73,83,100,55,73,83,75,467,3
"Carvanha","water","dark","non-legendary",90,20,45,65,65,20,225,305,3
"Sharpedo","water","dark","non-legendary",140,70,70,105,110,65,60,560,3
"Wailmer","water","none","non-legendary",70,35,130,60,70,35,125,400,3
"Wailord","water","none","non-legendary",90,45,170,60,90,45,60,500,3
"Numel","fire","ground","non-legendary",60,40,60,35,65,45,255,305,3
"Camerupt","fire","ground","non-legendary",120,100,70,20,145,105,150,560,3
"Torkoal","fire","none","non-legendary",85,140,70,20,85,70,90,470,3
"Spoink","psychic","none","non-legendary",25,35,60,60,70,80,255,330,3
"Grumpig","psychic","none","non-legendary",45,65,80,80,90,110,60,470,3
"Spinda","normal","none","non-legendary",60,60,60,60,60,60,255,360,3
"Trapinch","ground","none","non-legendary",100,45,45,10,45,45,255,290,3
"Vibrava","ground","dragon","non-legendary",70,50,50,70,50,50,120,340,3
"Flygon","ground","dragon","non-legendary",100,80,80,100,80,80,45,520,3
"Cacnea","grass","none","non-legendary",85,40,50,35,85,40,190,335,3
"Cacturne","grass","dark","non-legendary",115,60,70,55,115,60,60,475,3
"Swablu","normal","flying","non-legendary",40,60,45,50,40,75,255,310,3
"Altaria","dragon","flying","non-legendary",110,110,75,80,110,105,45,590,3
"Zangoose","normal","none","non-legendary",115,60,73,90,60,60,90,458,3
"Seviper","poison","none","non-legendary",100,60,73,65,100,60,90,458,3
"Lunatone","rock","psychic","non-legendary",55,65,90,70,95,85,45,460,3
"Solrock","rock","psychic","non-legendary",95,85,90,70,55,65,45,460,3
"Barboach","water","ground","non-legendary",48,43,50,60,46,41,190,288,3
"Whiscash","water","ground","non-legendary",78,73,110,60,76,71,75,468,3
"Corphish","water","none","non-legendary",80,65,43,35,50,35,205,308,3
"Crawdaunt","water","dark","non-legendary",120,85,63,55,90,55,155,468,3
"Baltoy","ground","psychic","non-legendary",40,55,40,55,40,70,255,300,3
"Claydol","ground","psychic","non-legendary",70,105,60,75,70,120,90,500,3
"Lileep","rock","grass","non-legendary",41,77,66,23,61,87,45,355,3
"Cradily","rock","grass","non-legendary",81,97,86,43,81,107,45,495,3
"Anorith","rock","bug","non-legendary",95,50,45,75,40,50,45,355,3
"Armaldo","rock","bug","non-legendary",125,100,75,45,70,80,45,495,3
"Feebas","water","none","non-legendary",15,20,20,80,10,55,255,200,3
"Milotic","water","none","non-legendary",60,79,95,81,100,125,60,540,3
"Castform","normal","none","non-legendary",70,70,70,70,70,70,45,420,3
"Kecleon","normal","none","non-legendary",90,70,60,40,60,120,200,440,3
"Shuppet","ghost","none","non-legendary",75,35,44,45,63,33,225,295,3
"Banette","ghost","none","non-legendary",165,75,64,75,93,83,45,555,3
"Duskull","ghost","none","non-legendary",40,90,20,25,30,90,190,295,3
"Dusclops","ghost","none","non-legendary",70,130,40,25,60,130,90,455,3
"Tropius","grass","flying","non-legendary",68,83,99,51,72,87,200,460,3
"Chimecho","psychic","none","non-legendary",50,80,75,65,95,90,45,455,3
"Absol","dark","none","non-legendary",150,60,65,115,115,60,30,565,3
"Wynaut","psychic","none","non-legendary",23,48,95,23,23,48,125,260,3
"Snorunt","ice","none","non-legendary",50,50,50,50,50,50,190,300,3
"Glalie","ice","none","non-legendary",120,80,80,100,120,80,75,580,3
"Spheal","ice","water","non-legendary",40,50,70,25,55,50,255,290,3
"Sealeo","ice","water","non-legendary",60,70,90,45,75,70,120,410,3
"Walrein","ice","water","non-legendary",80,90,110,65,95,90,45,530,3
"Clamperl","water","none","non-legendary",64,85,35,32,74,55,255,345,3
"Huntail","water","none","non-legendary",104,105,55,52,94,75,60,485,3
"Gorebyss","water","none","non-legendary",84,105,55,52,114,75,60,485,3
"Relicanth","water","rock","non-legendary",90,130,100,55,45,65,25,485,3
"Luvdisc","water","none","non-legendary",30,55,43,97,40,65,225,330,3
"Bagon","dragon","none","non-legendary",75,60,45,50,40,30,45,300,3
"Shelgon","dragon","none","non-legendary",95,100,65,50,60,50,45,420,3
"Salamence","dragon","flying","non-legendary",145,130,95,120,120,90,45,700,3
"Beldum","steel","psychic","non-legendary",55,80,40,30,35,60,3,300,3
"Metang","steel","psychic","non-legendary",75,100,60,50,55,80,3,420,3
"Metagross","steel","psychic","non-legendary",145,150,80,110,105,110,3,700,3
"Regirock","rock","none","legendary",100,200,80,50,50,100,3,580,3
"Regice","ice","none","legendary",50,100,80,50,100,200,3,580,3
"Registeel","steel","none","legendary",75,150,80,50,75,150,3,580,3
"Latias","dragon","psychic","legendary",100,120,80,110,140,150,3,700,3
"Latios","dragon","psychic","legendary",130,100,80,110,160,120,3,700,3
"Kyogre","water","none","legendary",150,90,100,90,180,160,3,770,3
"Groudon","ground","none","legendary",180,160,100,90,150,90,3,770,3
"Rayquaza","dragon","flying","legendary",180,100,105,115,180,100,45,780,3
"Jirachi","steel","psychic","legendary",100,100,100,100,100,100,3,600,3
"Deoxys","psychic","none","legendary",95,90,50,180,95,90,3,600,3
"Turtwig","grass","none","non-legendary",68,64,55,31,45,55,45,318,4
"Grotle","grass","none","non-legendary",89,85,75,36,55,65,45,405,4
"Torterra","grass","ground","non-legendary",109,105,95,56,75,85,45,525,4
"Chimchar","fire","none","non-legendary",58,44,44,61,58,44,45,309,4
"Monferno","fire","fighting","non-legendary",78,52,64,81,78,52,45,405,4
"Infernape","fire","fighting","non-legendary",104,71,76,108,104,71,45,534,4
"Piplup","water","none","non-legendary",51,53,53,40,61,56,45,314,4
"Prinplup","water","none","non-legendary",66,68,64,50,81,76,45,405,4
"Empoleon","water","steel","non-legendary",86,88,84,60,111,101,45,530,4
"Starly","normal","flying","non-legendary",55,30,40,60,30,30,255,245,4
"Staravia","normal","flying","non-legendary",75,50,55,80,40,40,120,340,4
"Staraptor","normal","flying","non-legendary",120,70,85,100,50,60,45,485,4
"Bidoof","normal","none","non-legendary",45,40,59,31,35,40,255,250,4
"Bibarel","normal","water","non-legendary",85,60,79,71,55,60,127,410,4
"Kricketot","bug","none","non-legendary",25,41,37,25,25,41,255,194,4
"Kricketune","bug","none","non-legendary",85,51,77,65,55,51,45,384,4
"Shinx","electric","none","non-legendary",65,34,45,45,40,34,235,263,4
"Luxio","electric","none","non-legendary",85,49,60,60,60,49,120,363,4
"Luxray","electric","none","non-legendary",120,79,80,70,95,79,45,523,4
"Budew","grass","poison","non-legendary",30,35,40,55,50,70,255,280,4
"Roserade","grass","poison","non-legendary",70,65,60,90,125,105,75,515,4
"Cranidos","rock","none","non-legendary",125,40,67,58,30,30,45,350,4
"Rampardos","rock","none","non-legendary",165,60,97,58,65,50,45,495,4
"Shieldon","rock","steel","non-legendary",42,118,30,30,42,88,45,350,4
"Bastiodon","rock","steel","non-legendary",52,168,60,30,47,138,45,495,4
"Burmy","bug","none","non-legendary",29,45,40,36,29,45,120,224,4
"Wormadam","bug","grass","non-legendary",69,95,60,36,69,95,45,424,4
"Mothim","bug","flying","non-legendary",94,50,70,66,94,50,45,424,4
"Combee","bug","flying","non-legendary",30,42,30,70,30,42,120,244,4
"Vespiquen","bug","flying","non-legendary",80,102,70,40,80,102,45,474,4
"Pachirisu","electric","none","non-legendary",45,70,60,95,45,90,200,405,4
"Buizel","water","none","non-legendary",65,35,55,85,60,30,190,330,4
"Floatzel","water","none","non-legendary",105,55,85,115,85,50,75,495,4
"Cherubi","grass","none","non-legendary",35,45,45,35,62,53,190,275,4
"Cherrim","grass","none","non-legendary",60,70,70,85,87,78,75,450,4
"Shellos","water","none","non-legendary",48,48,76,34,57,62,190,325,4
"Gastrodon","water","ground","non-legendary",83,68,111,39,92,82,75,475,4
"Ambipom","normal","none","non-legendary",100,66,75,115,60,66,45,482,4
"Drifloon","ghost","flying","non-legendary",50,34,90,70,60,44,125,348,4
"Drifblim","ghost","flying","non-legendary",80,44,150,80,90,54,60,498,4
"Buneary","normal","none","non-legendary",66,44,55,85,44,56,190,350,4
"Lopunny","normal","none","non-legendary",136,94,65,135,54,96,60,580,4
"Mismagius","ghost","none","non-legendary",60,60,60,105,105,105,45,495,4
"Honchkrow","dark","flying","non-legendary",125,52,100,71,105,52,30,505,4
"Glameow","normal","none","non-legendary",55,42,49,85,42,37,190,310,4
"Purugly","normal","none","non-legendary",82,64,71,112,64,59,75,452,4
"Chingling","psychic","none","non-legendary",30,50,45,45,65,50,120,285,4
"Stunky","poison","dark","non-legendary",63,47,63,74,41,41,225,329,4
"Skuntank","poison","dark","non-legendary",93,67,103,84,71,61,60,479,4
"Bronzor","steel","psychic","non-legendary",24,86,57,23,24,86,255,300,4
"Bronzong","steel","psychic","non-legendary",89,116,67,33,79,116,90,500,4
"Bonsly","rock","none","non-legendary",80,95,50,10,10,45,255,290,4
"Mime Jr.","psychic","fairy","non-legendary",25,45,20,60,70,90,145,310,4
"Happiny","normal","none","non-legendary",5,5,100,30,15,65,130,220,4
"Chatot","normal","flying","non-legendary",65,45,76,91,92,42,30,411,4
"Spiritomb","ghost","dark","non-legendary",92,108,50,35,92,108,100,485,4
"Gible","dragon","ground","non-legendary",70,45,58,42,40,45,45,300,4
"Gabite","dragon","ground","non-legendary",90,65,68,82,50,55,45,410,4
"Garchomp","dragon","ground","non-legendary",170,115,108,92,120,95,45,700,4
"Munchlax","normal","none","non-legendary",85,40,135,5,40,85,50,390,4
"Riolu","fighting","none","non-legendary",70,40,40,60,35,40,75,285,4
"Lucario","fighting","steel","non-legendary",145,88,70,112,140,70,45,625,4
"Hippopotas","ground","none","non-legendary",72,78,68,32,38,42,140,330,4
"Hippowdon","ground","none","non-legendary",112,118,108,47,68,72,60,525,4
"Skorupi","poison","bug","non-legendary",50,90,40,65,30,55,120,330,4
"Drapion","poison","dark","non-legendary",90,110,70,95,60,75,45,500,4
"Croagunk","poison","fighting","non-legendary",61,40,48,50,61,40,140,300,4
"Toxicroak","poison","fighting","non-legendary",106,65,83,85,86,65,75,490,4
"Carnivine","grass","none","non-legendary",100,72,74,46,90,72,200,454,4
"Finneon","water","none","non-legendary",49,56,49,66,49,61,190,330,4
"Lumineon","water","none","non-legendary",69,76,69,91,69,86,75,460,4
"Mantyke","water","flying","non-legendary",20,50,45,50,60,120,25,345,4
"Snover","grass","ice","non-legendary",62,50,60,40,62,60,120,334,4
"Abomasnow","grass","ice","non-legendary",132,105,90,30,132,105,60,594,4
"Weavile","dark","ice","non-legendary",120,65,70,125,45,85,45,510,4
"Magnezone","electric","steel","non-legendary",70,115,70,60,130,90,30,535,4
"Lickilicky","normal","none","non-legendary",85,95,110,50,80,95,30,515,4
"Rhyperior","ground","rock","non-legendary",140,130,115,40,55,55,30,535,4
"Tangrowth","grass","none","non-legendary",100,125,100,50,110,50,30,535,4
"Electivire","electric","none","non-legendary",123,67,75,95,95,85,30,540,4
"Magmortar","fire","none","non-legendary",95,67,75,83,125,95,30,540,4
"Togekiss","fairy","flying","non-legendary",50,95,85,80,120,115,30,545,4
"Yanmega","bug","flying","non-legendary",76,86,86,95,116,56,30,515,4
"Leafeon","grass","none","non-legendary",110,130,65,95,60,65,45,525,4
"Glaceon","ice","none","non-legendary",60,110,65,65,130,95,45,525,4
"Gliscor","ground","flying","non-legendary",95,125,75,95,45,75,30,510,4
"Mamoswine","ice","ground","non-legendary",130,80,110,80,70,60,50,530,4
"Porygon-Z","normal","none","non-legendary",80,70,85,90,135,75,30,535,4
"Gallade","psychic","fighting","non-legendary",165,95,68,110,65,115,45,618,4
"Probopass","rock","steel","non-legendary",55,145,60,40,75,150,60,525,4
"Dusknoir","ghost","none","non-legendary",100,135,45,45,65,135,45,525,4
"Froslass","ice","ghost","non-legendary",80,70,70,110,80,70,75,480,4
"Rotom","electric","ghost","non-legendary",65,107,50,86,105,107,45,520,4
"Uxie","psychic","none","legendary",75,130,75,95,75,130,3,580,4
"Mesprit","psychic","none","legendary",105,105,80,80,105,105,3,580,4
"Azelf","psychic","none","legendary",125,70,75,115,125,70,3,580,4
"Dialga","steel","dragon","legendary",120,120,100,90,150,100,3,680,4
"Palkia","water","dragon","legendary",120,100,90,100,150,120,3,680,4
"Heatran","fire","steel","legendary",90,106,91,77,130,106,3,600,4
"Regigigas","normal","none","legendary",160,110,110,100,80,110,3,670,4
"Giratina","ghost","dragon","legendary",120,100,150,90,120,100,3,680,4
"Cresselia","psychic","none","legendary",70,120,120,85,75,130,3,600,4
"Phione","water","none","non-legendary",80,80,80,80,80,80,30,480,4
"Manaphy","water","none","legendary",100,100,100,100,100,100,3,600,4
"Darkrai","dark","none","legendary",90,90,70,125,135,90,3,600,4
"Shaymin","grass","grass","legendary",103,75,100,127,120,75,45,600,4
"Arceus","normal","none","legendary",120,120,120,120,120,120,3,720,4
"Victini","psychic","fire","legendary",100,100,100,100,100,100,3,600,5
"Snivy","grass","none","non-legendary",45,55,45,63,45,55,45,308,5
"Servine","grass","none","non-legendary",60,75,60,83,60,75,45,413,5
"Serperior","grass","none","non-legendary",75,95,75,113,75,95,45,528,5
"Tepig","fire","none","non-legendary",63,45,65,45,45,45,45,308,5
"Pignite","fire","fighting","non-legendary",93,55,90,55,70,55,45,418,5
"Emboar","fire","fighting","non-legendary",123,65,110,65,100,65,45,528,5
"Oshawott","water","none","non-legendary",55,45,55,45,63,45,45,308,5
"Dewott","water","none","non-legendary",75,60,75,60,83,60,45,413,5
"Samurott","water","none","non-legendary",100,85,95,70,108,70,45,528,5
"Patrat","normal","none","non-legendary",55,39,45,42,35,39,255,255,5
"Watchog","normal","none","non-legendary",85,69,60,77,60,69,255,420,5
"Lillipup","normal","none","non-legendary",60,45,45,55,25,45,255,275,5
"Herdier","normal","none","non-legendary",80,65,65,60,35,65,120,370,5
"Stoutland","normal","none","non-legendary",110,90,85,80,45,90,45,500,5
"Purrloin","dark","none","non-legendary",50,37,41,66,50,37,255,281,5
"Liepard","dark","none","non-legendary",88,50,64,106,88,50,90,446,5
"Pansage","grass","none","non-legendary",53,48,50,64,53,48,190,316,5
"Simisage","grass","none","non-legendary",98,63,75,101,98,63,75,498,5
"Pansear","fire","none","non-legendary",53,48,50,64,53,48,190,316,5
"Simisear","fire","none","non-legendary",98,63,75,101,98,63,75,498,5
"Panpour","water","none","non-legendary",53,48,50,64,53,48,190,316,5
"Simipour","water","none","non-legendary",98,63,75,101,98,63,75,498,5
"Munna","psychic","none","non-legendary",25,45,76,24,67,55,190,292,5
"Musharna","psychic","none","non-legendary",55,85,116,29,107,95,75,487,5
"Pidove","normal","flying","non-legendary",55,50,50,43,36,30,255,264,5
"Tranquill","normal","flying","non-legendary",77,62,62,65,50,42,120,358,5
"Unfezant","normal","flying","non-legendary",115,80,80,93,65,55,45,488,5
"Blitzle","electric","none","non-legendary",60,32,45,76,50,32,190,295,5
"Zebstrika","electric","none","non-legendary",100,63,75,116,80,63,75,497,5
"Roggenrola","rock","none","non-legendary",75,85,55,15,25,25,255,280,5
"Boldore","rock","none","non-legendary",105,105,70,20,50,40,120,390,5
"Gigalith","rock","none","non-legendary",135,130,85,25,60,80,45,515,5
"Woobat","psychic","flying","non-legendary",45,43,65,72,55,43,190,323,5
"Swoobat","psychic","flying","non-legendary",57,55,67,114,77,55,45,425,5
"Drilbur","ground","none","non-legendary",85,40,60,68,30,45,120,328,5
"Excadrill","ground","steel","non-legendary",135,60,110,88,50,65,60,508,5
"Audino","normal","none","non-legendary",60,126,103,50,80,126,255,545,5
"Timburr","fighting","none","non-legendary",80,55,75,35,25,35,180,305,5
"Gurdurr","fighting","none","non-legendary",105,85,85,40,40,50,90,405,5
"Conkeldurr","fighting","none","non-legendary",140,95,105,45,55,65,45,505,5
"Tympole","water","none","non-legendary",50,40,50,64,50,40,255,294,5
"Palpitoad","water","ground","non-legendary",65,55,75,69,65,55,120,384,5
"Seismitoad","water","ground","non-legendary",95,75,105,74,85,75,45,509,5
"Throh","fighting","none","non-legendary",100,85,120,45,30,85,45,465,5
"Sawk","fighting","none","non-legendary",125,75,75,85,30,75,45,465,5
"Sewaddle","bug","grass","non-legendary",53,70,45,42,40,60,255,310,5
"Swadloon","bug","grass","non-legendary",63,90,55,42,50,80,120,380,5
"Leavanny","bug","grass","non-legendary",103,80,75,92,70,80,45,500,5
"Venipede","bug","poison","non-legendary",45,59,30,57,30,39,255,260,5
"Whirlipede","bug","poison","non-legendary",55,99,40,47,40,79,120,360,5
"Scolipede","bug","poison","non-legendary",100,89,60,112,55,69,45,485,5
"Cottonee","grass","fairy","non-legendary",27,60,40,66,37,50,190,280,5
"Whimsicott","grass","fairy","non-legendary",67,85,60,116,77,75,75,480,5
"Petilil","grass","none","non-legendary",35,50,45,30,70,50,190,280,5
"Lilligant","grass","none","non-legendary",60,75,70,90,110,75,75,480,5
"Basculin","water","none","non-legendary",92,65,70,98,80,55,25,460,5
"Sandile","ground","dark","non-legendary",72,35,50,65,35,35,180,292,5
"Krokorok","ground","dark","non-legendary",82,45,60,74,45,45,90,351,5
"Krookodile","ground","dark","non-legendary",117,80,95,92,65,70,45,519,5
"Darumaka","fire","none","non-legendary",90,45,70,50,15,45,120,315,5
"Darmanitan","fire","fire","non-legendary",30,105,105,55,140,105,60,540,5
"Maractus","grass","none","non-legendary",86,67,75,60,106,67,255,461,5
"Dwebble","bug","rock","non-legendary",65,85,50,55,35,35,190,325,5
"Crustle","bug","rock","non-legendary",105,125,70,45,65,75,75,485,5
"Scraggy","dark","fighting","non-legendary",75,70,50,48,35,70,180,348,5
"Scrafty","dark","fighting","non-legendary",90,115,65,58,45,115,90,488,5
"Sigilyph","psychic","flying","non-legendary",58,80,72,97,103,80,45,490,5
"Yamask","ghost","none","non-legendary",30,85,38,30,55,65,190,303,5
"Cofagrigus","ghost","none","non-legendary",50,145,58,30,95,105,90,483,5
"Tirtouga","water","rock","non-legendary",78,103,54,22,53,45,45,355,5
"Carracosta","water","rock","non-legendary",108,133,74,32,83,65,45,495,5
"Archen","rock","flying","non-legendary",112,45,55,70,74,45,45,401,5
"Archeops","rock","flying","non-legendary",140,65,75,110,112,65,45,567,5
"Trubbish","poison","none","non-legendary",50,62,50,65,40,62,190,329,5
"Garbodor","poison","none","non-legendary",95,82,80,75,60,82,60,474,5
"Zorua","dark","none","non-legendary",65,40,40,65,80,40,75,330,5
"Zoroark","dark","none","non-legendary",105,60,60,105,120,60,45,510,5
"Minccino","normal","none","non-legendary",50,40,55,75,40,40,255,300,5
"Cinccino","normal","none","non-legendary",95,60,75,115,65,60,60,470,5
"Gothita","psychic","none","non-legendary",30,50,45,45,55,65,200,290,5
"Gothorita","psychic","none","non-legendary",45,70,60,55,75,85,100,390,5
"Gothitelle","psychic","none","non-legendary",55,95,70,65,95,110,50,490,5
"Solosis","psychic","none","non-legendary",30,40,45,20,105,50,200,290,5
"Duosion","psychic","none","non-legendary",40,50,65,30,125,60,100,370,5
"Reuniclus","psychic","none","non-legendary",65,75,110,30,125,85,50,490,5
"Ducklett","water","flying","non-legendary",44,50,62,55,44,50,190,305,5
"Swanna","water","flying","non-legendary",87,63,75,98,87,63,45,473,5
"Vanillite","ice","none","non-legendary",50,50,36,44,65,60,255,305,5
"Vanillish","ice","none","non-legendary",65,65,51,59,80,75,120,395,5
"Vanilluxe","ice","none","non-legendary",95,85,71,79,110,95,45,535,5
"Deerling","normal","grass","non-legendary",60,50,60,75,40,50,190,335,5
"Sawsbuck","normal","grass","non-legendary",100,70,80,95,60,70,75,475,5
"Emolga","electric","flying","non-legendary",75,60,55,103,75,60,200,428,5
"Karrablast","bug","none","non-legendary",75,45,50,60,40,45,200,315,5
"Escavalier","bug","steel","non-legendary",135,105,70,20,60,105,75,495,5
"Foongus","grass","poison","non-legendary",55,45,69,15,55,55,190,294,5
"Amoonguss","grass","poison","non-legendary",85,70,114,30,85,80,75,464,5
"Frillish","water","ghost","non-legendary",40,50,55,40,65,85,190,335,5
"Jellicent","water","ghost","non-legendary",60,70,100,60,85,105,60,480,5
"Alomomola","water","none","non-legendary",75,80,165,65,40,45,75,470,5
"Joltik","bug","electric","non-legendary",47,50,50,65,57,50,190,319,5
"Galvantula","bug","electric","non-legendary",77,60,70,108,97,60,75,472,5
"Ferroseed","grass","steel","non-legendary",50,91,44,10,24,86,255,305,5
"Ferrothorn","grass","steel","non-legendary",94,131,74,20,54,116,90,489,5
"Klink","steel","none","non-legendary",55,70,40,30,45,60,130,300,5
"Klang","steel","none","non-legendary",80,95,60,50,70,85,60,440,5
"Klinklang","steel","none","non-legendary",100,115,60,90,70,85,30,520,5
"Tynamo","electric","none","non-legendary",55,40,35,60,45,40,190,275,5
"Eelektrik","electric","none","non-legendary",85,70,65,40,75,70,60,405,5
"Eelektross","electric","none","non-legendary",115,80,85,50,105,80,30,515,5
"Elgyem","psychic","none","non-legendary",55,55,55,30,85,55,255,335,5
"Beheeyem","psychic","none","non-legendary",75,75,75,40,125,95,90,485,5
"Litwick","ghost","fire","non-legendary",30,55,50,20,65,55,190,275,5
"Lampent","ghost","fire","non-legendary",40,60,60,55,95,60,90,370,5
"Chandelure","ghost","fire","non-legendary",55,90,60,80,145,90,45,520,5
"Axew","dragon","none","non-legendary",87,60,46,57,30,40,75,320,5
"Fraxure","dragon","none","non-legendary",117,70,66,67,40,50,60,410,5
"Haxorus","dragon","none","non-legendary",147,90,76,97,60,70,45,540,5
"Cubchoo","ice","none","non-legendary",70,40,55,40,60,40,120,305,5
"Beartic","ice","none","non-legendary",130,80,95,50,70,80,60,505,5
"Cryogonal","ice","none","non-legendary",50,50,80,105,95,135,25,515,5
"Shelmet","bug","none","non-legendary",40,85,50,25,40,65,200,305,5
"Accelgor","bug","none","non-legendary",70,40,80,145,100,60,75,495,5
"Stunfisk","ground","electric","non-legendary",66,84,109,32,81,99,75,471,5
"Mienfoo","fighting","none","non-legendary",85,50,45,65,55,50,180,350,5
"Mienshao","fighting","none","non-legendary",125,60,65,105,95,60,45,510,5
"Druddigon","dragon","none","non-legendary",120,90,77,48,60,90,45,485,5
"Golett","ground","ghost","non-legendary",74,50,59,35,35,50,190,303,5
"Golurk","ground","ghost","non-legendary",124,80,89,55,55,80,90,483,5
"Pawniard","dark","steel","non-legendary",85,70,45,60,40,40,120,340,5
"Bisharp","dark","steel","non-legendary",125,100,65,70,60,70,45,490,5
"Bouffalant","normal","none","non-legendary",110,95,95,55,40,95,45,490,5
"Rufflet","normal","flying","non-legendary",83,50,70,60,37,50,190,350,5
"Braviary","normal","flying","non-legendary",123,75,100,80,57,75,60,510,5
"Vullaby","dark","flying","non-legendary",55,75,70,60,45,65,190,370,5
"Mandibuzz","dark","flying","non-legendary",65,105,110,80,55,95,60,510,5
"Heatmor","fire","none","non-legendary",97,66,85,65,105,66,90,484,5
"Durant","bug","steel","non-legendary",109,112,58,109,48,48,90,484,5
"Deino","dark","dragon","non-legendary",65,50,52,38,45,50,45,300,5
"Zweilous","dark","dragon","non-legendary",85,70,72,58,65,70,45,420,5
"Hydreigon","dark","dragon","non-legendary",105,90,92,98,125,90,45,600,5
"Larvesta","bug","fire","non-legendary",85,55,55,60,50,55,45,360,5
"Volcarona","bug","fire","non-legendary",60,65,85,100,135,105,15,550,5
"Cobalion","steel","fighting","legendary",90,129,91,108,90,72,3,580,5
"Terrakion","rock","fighting","legendary",129,90,91,108,72,90,3,580,5
"Virizion","grass","fighting","legendary",90,72,91,108,90,129,3,580,5
"Tornadus","flying","none","legendary",100,80,79,121,110,90,3,580,5
"Thundurus","electric","flying","legendary",105,70,79,101,145,80,3,580,5
"Reshiram","dragon","fire","legendary",120,100,100,90,150,120,3,680,5
"Zekrom","dragon","electric","legendary",150,120,100,90,120,100,3,680,5
"Landorus","ground","flying","legendary",145,90,89,91,105,80,3,600,5
"Kyurem","dragon","ice","legendary",120,90,125,95,170,100,3,700,5
"Keldeo","water","fighting","legendary",72,90,91,108,129,90,3,580,5
"Meloetta","normal","psychic","legendary",128,90,100,128,77,77,3,600,5
"Genesect","bug","steel","legendary",120,95,71,99,120,95,3,600,5
"Chespin","grass","none","non-legendary",61,65,56,38,48,45,45,313,6
"Quilladin","grass","none","non-legendary",78,95,61,57,56,58,45,405,6
"Chesnaught","grass","fighting","non-legendary",107,122,88,64,74,75,45,530,6
"Fennekin","fire","none","non-legendary",45,40,40,60,62,60,45,307,6
"Braixen","fire","none","non-legendary",59,58,59,73,90,70,45,409,6
"Delphox","fire","psychic","non-legendary",69,72,75,104,114,100,45,534,6
"Froakie","water","none","non-legendary",56,40,41,71,62,44,45,314,6
"Frogadier","water","none","non-legendary",63,52,54,97,83,56,45,405,6
"Greninja","water","dark","non-legendary",145,67,72,132,153,71,45,640,6
"Bunnelby","normal","none","non-legendary",36,38,38,57,32,36,255,237,6
"Diggersby","normal","ground","non-legendary",56,77,85,78,50,77,127,423,6
"Fletchling","normal","flying","non-legendary",50,43,45,62,40,38,255,278,6
"Fletchinder","fire","flying","non-legendary",73,55,62,84,56,52,120,382,6
"Talonflame","fire","flying","non-legendary",81,71,78,126,74,69,45,499,6
"Scatterbug","bug","none","non-legendary",35,40,38,35,27,25,255,200,6
"Spewpa","bug","none","non-legendary",22,60,45,29,27,30,120,213,6
"Vivillon","bug","flying","non-legendary",52,50,80,89,90,50,45,411,6
"Litleo","fire","normal","non-legendary",50,58,62,72,73,54,220,369,6
"Pyroar","fire","normal","non-legendary",68,72,86,106,109,66,65,507,6
"Flabébé","fairy","none","non-legendary",38,39,44,42,61,79,225,303,6
"Floette","fairy","none","non-legendary",65,67,74,92,125,128,120,551,6
"Florges","fairy","none","non-legendary",65,68,78,75,112,154,45,552,6
"Skiddo","grass","none","non-legendary",65,48,66,52,62,57,200,350,6
"Gogoat","grass","none","non-legendary",100,62,123,68,97,81,45,531,6
"Pancham","fighting","none","non-legendary",82,62,67,43,46,48,220,348,6
"Pangoro","fighting","dark","non-legendary",124,78,95,58,69,71,65,495,6
"Furfrou","normal","none","non-legendary",80,60,75,102,65,90,160,472,6
"Espurr","psychic","none","non-legendary",48,54,62,68,63,60,190,355,6
"Meowstic","psychic","none","non-legendary",48,76,74,104,83,81,75,466,6
"Honedge","steel","ghost","non-legendary",80,100,45,28,35,37,180,325,6
"Doublade","steel","ghost","non-legendary",110,150,59,35,45,49,90,448,6
"Aegislash","steel","ghost","non-legendary",150,50,60,60,150,50,45,520,6
"Spritzee","fairy","none","non-legendary",52,60,78,23,63,65,200,341,6
"Aromatisse","fairy","none","non-legendary",72,72,101,29,99,89,140,462,6
"Swirlix","fairy","none","non-legendary",48,66,62,49,59,57,200,341,6
"Slurpuff","fairy","none","non-legendary",80,86,82,72,85,75,140,480,6
"Inkay","dark","psychic","non-legendary",54,53,53,45,37,46,190,288,6
"Malamar","dark","psychic","non-legendary",92,88,86,73,68,75,80,482,6
"Binacle","rock","water","non-legendary",52,67,42,50,39,56,120,306,6
"Barbaracle","rock","water","non-legendary",105,115,72,68,54,86,45,500,6
"Skrelp","poison","water","non-legendary",60,60,50,30,60,60,225,320,6
"Dragalge","poison","dragon","non-legendary",75,90,65,44,97,123,55,494,6
"Clauncher","water","none","non-legendary",53,62,50,44,58,63,225,330,6
"Clawitzer","water","none","non-legendary",73,88,71,59,120,89,55,500,6
"Helioptile","electric","normal","non-legendary",38,33,44,70,61,43,190,289,6
"Heliolisk","electric","normal","non-legendary",55,52,62,109,109,94,75,481,6
"Tyrunt","rock","dragon","non-legendary",89,77,58,48,45,45,45,362,6
"Tyrantrum","rock","dragon","non-legendary",121,119,82,71,69,59,45,521,6
"Amaura","rock","ice","non-legendary",59,50,77,46,67,63,45,362,6
"Aurorus","rock","ice","non-legendary",77,72,123,58,99,92,45,521,6
"Sylveon","fairy","none","non-legendary",65,65,95,60,110,130,45,525,6
"Hawlucha","fighting","flying","non-legendary",92,75,78,118,74,63,100,500,6
"Dedenne","electric","fairy","non-legendary",58,57,67,101,81,67,180,431,6
"Carbink","rock","fairy","non-legendary",50,150,50,50,50,150,60,500,6
"Goomy","dragon","none","non-legendary",50,35,45,40,55,75,45,300,6
"Sliggoo","dragon","none","non-legendary",75,53,68,60,83,113,45,452,6
"Goodra","dragon","none","non-legendary",100,70,90,80,110,150,45,600,6
"Klefki","steel","fairy","non-legendary",80,91,57,75,80,87,75,470,6
"Phantump","ghost","grass","non-legendary",70,48,43,38,50,60,120,309,6
"Trevenant","ghost","grass","non-legendary",110,76,85,56,65,82,60,474,6
"Pumpkaboo","ghost","grass","non-legendary",66,70,59,41,44,55,120,335,6
"Gourgeist","ghost","grass","non-legendary",100,122,85,54,58,75,60,494,6
"Bergmite","ice","none","non-legendary",69,85,55,28,32,35,190,304,6
"Avalugg","ice","none","non-legendary",117,184,95,28,44,46,55,514,6
"Noibat","flying","dragon","non-legendary",30,35,40,55,45,40,190,245,6
"Noivern","flying","dragon","non-legendary",70,80,85,123,97,80,45,535,6
"Xerneas","fairy","none","legendary",131,95,126,99,131,98,45,680,6
"Yveltal","dark","flying","legendary",131,95,126,99,131,98,45,680,6
"Zygarde","dragon","ground","legendary",100,121,216,85,91,95,3,708,6
"Diancie","rock","fairy","legendary",160,110,50,110,160,110,3,700,6
"Hoopa","psychic","ghost","legendary",160,60,80,80,170,130,3,680,6
"Volcanion","fire","water","legendary",110,120,80,70,130,90,3,600,6
"Rowlet","grass","flying","non-legendary",55,55,68,42,50,50,45,320,7
"Dartrix","grass","flying","non-legendary",75,75,78,52,70,70,45,420,7
"Decidueye","grass","ghost","non-legendary",107,75,78,70,100,100,45,530,7
"Litten","fire","none","non-legendary",65,40,45,70,60,40,45,320,7
"Torracat","fire","none","non-legendary",85,50,65,90,80,50,45,420,7
"Incineroar","fire","dark","non-legendary",115,90,95,60,80,90,45,530,7
"Popplio","water","none","non-legendary",54,54,50,40,66,56,45,320,7
"Brionne","water","none","non-legendary",69,69,60,50,91,81,45,420,7
"Primarina","water","fairy","non-legendary",74,74,80,60,126,116,45,530,7
"Pikipek","normal","flying","non-legendary",75,30,35,65,30,30,255,265,7
"Trumbeak","normal","flying","non-legendary",85,50,55,75,40,50,120,355,7
"Toucannon","normal","flying","non-legendary",120,75,80,60,75,75,45,485,7
"Yungoos","normal","none","non-legendary",70,30,48,45,30,30,255,253,7
"Gumshoos","normal","none","non-legendary",110,60,88,45,55,60,127,418,7
"Grubbin","bug","none","non-legendary",62,45,47,46,55,45,255,300,7
"Charjabug","bug","electric","non-legendary",82,95,57,36,55,75,120,400,7
"Vikavolt","bug","electric","non-legendary",70,90,77,43,145,75,45,500,7
"Crabrawler","fighting","none","non-legendary",82,57,47,63,42,47,225,338,7
"Crabominable","fighting","ice","non-legendary",132,77,97,43,62,67,60,478,7
"Oricorio","fire","flying","non-legendary",70,70,75,93,98,70,45,476,7
"Cutiefly","bug","fairy","non-legendary",45,40,40,84,55,40,190,304,7
"Ribombee","bug","fairy","non-legendary",55,60,60,124,95,70,75,464,7
"Rockruff","rock","none","non-legendary",65,40,45,60,30,40,190,280,7
"Lycanroc","rock","none","non-legendary",115,75,85,82,55,75,90,487,7
"Wishiwashi","water","none","non-legendary",140,130,45,30,140,135,60,620,7
"Mareanie","poison","water","non-legendary",53,62,50,45,43,52,190,305,7
"Toxapex","poison","water","non-legendary",63,152,50,35,53,142,75,495,7
"Mudbray","ground","none","non-legendary",100,70,70,45,45,55,190,385,7
"Mudsdale","ground","none","non-legendary",125,100,100,35,55,85,60,500,7
"Dewpider","water","bug","non-legendary",40,52,38,27,40,72,200,269,7
"Araquanid","water","bug","non-legendary",70,92,68,42,50,132,100,454,7
"Fomantis","grass","none","non-legendary",55,35,40,35,50,35,190,250,7
"Lurantis","grass","none","non-legendary",105,90,70,45,80,90,75,480,7
"Morelull","grass","fairy","non-legendary",35,55,40,15,65,75,190,285,7
"Shiinotic","grass","fairy","non-legendary",45,80,60,30,90,100,75,405,7
"Salandit","poison","fire","non-legendary",44,40,48,77,71,40,120,320,7
"Salazzle","poison","fire","non-legendary",64,60,68,117,111,60,45,480,7
"Stufful","normal","fighting","non-legendary",75,50,70,50,45,50,140,340,7
"Bewear","normal","fighting","non-legendary",125,80,120,60,55,60,70,500,7
"Bounsweet","grass","none","non-legendary",30,38,42,32,30,38,235,210,7
"Steenee","grass","none","non-legendary",40,48,52,62,40,48,120,290,7
"Tsareena","grass","none","non-legendary",120,98,72,72,50,98,45,510,7
"Comfey","fairy","none","non-legendary",52,90,51,100,82,110,60,485,7
"Oranguru","normal","psychic","non-legendary",60,80,90,60,90,110,45,490,7
"Passimian","fighting","none","non-legendary",120,90,100,80,40,60,45,490,7
"Wimpod","bug","water","non-legendary",35,40,25,80,20,30,90,230,7
"Golisopod","bug","water","non-legendary",125,140,75,40,60,90,45,530,7
"Sandygast","ghost","ground","non-legendary",55,80,55,15,70,45,140,320,7
"Palossand","ghost","ground","non-legendary",75,110,85,35,100,75,60,480,7
"Pyukumuku","water","none","non-legendary",60,130,55,5,30,130,60,410,7
"Type: Null","normal","none","non-legendary",95,95,95,59,95,95,3,534,7
"Silvally","normal","none","non-legendary",95,95,95,95,95,95,3,570,7
"Minior","rock","flying","non-legendary",100,60,60,120,100,60,30,500,7
"Komala","normal","none","non-legendary",115,65,65,65,75,95,45,480,7
"Turtonator","fire","dragon","non-legendary",78,135,60,36,91,85,70,485,7
"Togedemaru","electric","steel","non-legendary",98,63,65,96,40,73,180,435,7
"Mimikyu","ghost","fairy","non-legendary",90,80,55,96,50,105,45,476,7
"Bruxish","water","psychic","non-legendary",105,70,68,92,70,70,80,475,7
"Drampa","normal","dragon","non-legendary",60,85,78,36,135,91,70,485,7
"Dhelmise","ghost","grass","non-legendary",131,100,70,40,86,90,25,517,7
"Jangmo-o","dragon","none","non-legendary",55,65,45,45,45,45,45,300,7
"Hakamo-o","dragon","fighting","non-legendary",75,90,55,65,65,70,45,420,7
"Kommo-o","dragon","fighting","non-legendary",110,125,75,85,100,105,45,600,7
"Tapu Koko","electric","fairy","legendary",115,85,70,130,95,75,3,570,7
"Tapu Lele","psychic","fairy","legendary",85,75,70,95,130,115,3,570,7
"Tapu Bulu","grass","fairy","legendary",130,115,70,75,85,95,3,570,7
"Tapu Fini","water","fairy","legendary",75,115,70,85,95,130,3,570,7
"Cosmog","psychic","none","legendary",29,31,43,37,29,31,45,200,7
"Cosmoem","psychic","none","legendary",29,131,43,37,29,131,45,400,7
"Solgaleo","psychic","steel","legendary",137,107,137,97,113,89,45,680,7
"Lunala","psychic","ghost","legendary",113,89,137,97,137,107,45,680,7
"Nihilego","rock","poison","legendary",53,47,109,103,127,131,45,570,7
"Buzzwole","bug","fighting","legendary",139,139,107,79,53,53,25,570,7
"Pheromosa","bug","fighting","legendary",137,37,71,151,137,37,255,570,7
"Xurkitree","electric","none","legendary",89,71,83,83,173,71,30,570,7
"Celesteela","steel","flying","legendary",101,103,97,61,107,101,25,570,7
"Kartana","grass","steel","legendary",181,131,59,109,59,31,255,570,7
"Guzzlord","dark","dragon","legendary",101,53,223,43,97,53,15,570,7
"Necrozma","psychic","none","legendary",107,101,97,79,127,89,3,600,7
"Magearna","steel","fairy","legendary",95,115,80,65,130,115,3,600,7
